created_at,username,full_text,sentimen
Sun Jun 02 15:14:01 +0000 2024,ganeeeng,rampok banget @JeniusConnect @jeniushelp biar ga ke debet2 rampok gini gimana cara nya? @JeniusConnect @jeniushelp https://t.co/uxTVz3pD1k,negatif
Thu Jun 27 00:33:53 +0000 2024,hidahahahihi,Ini jenius @JeniusConnect @jeniushelp kenapa ya btw? Dari semalem muter2 mulu ga bisa dipake. Tolong dong ini sistem down didiemin bae https://t.co/kY33q2QvSu,netral
Thu Jun 20 05:16:07 +0000 2024,MeinNameistMia,@jeniushelp halo ini kenapa ga bisa download mutasi ya? Saya udah install beberapa apk pdf reader padahal https://t.co/dQoF4QWqZp,netral
Thu Jun 27 01:55:47 +0000 2024,cindydayana,@JeniusConnect @jeniushelp Wkwkwkwwkk @JeniusConnect @jeniushelp https://t.co/avYqCInD6l,netral
Sun Jun 23 13:27:40 +0000 2024,jNingningie,kak @jeniushelp maaf mau nanya kalo ada sales jenius dijalan disuruh daftar jenius tapi kita disuruh foto sama ktp pake ipad mereka itu aman kah? dari jenius nya langsung? mohon dijawab yaa kaak,netral
Wed Jun 26 17:41:11 +0000 2024,agtekiw,kenapa bunga flexi cash gue tbtb naik heyy @jeniushelp @JeniusConnect,netral
Mon May 06 08:40:56 +0000 2024,leo_chelseafc,Tolong cek DM donk @jeniushelp @JeniusConnect,netral
Sat Jun 29 02:11:03 +0000 2024,jeniushelp,@meowjuanaaaaa Hi Feesible adalah biaya layanan Jenius/admin bulanan Rp10.000 per bulan. Apabila penagihan masih gagal dilakukan maka Feesible akan ditagihkan kembali secara akumulatif di bulan berikutnya maksimum akumulasi Rp120.000^ MBS,netral
Tue Jun 25 10:05:09 +0000 2024,arcelfaa,@gojekindonesia @JeniusConnect @jeniushelp ini kenapa ko gabisa nyambungin jenius ke app gojek https://t.co/Yp2yjrWW4Q,netral
Sun Jun 02 10:00:44 +0000 2024,RumbleAren81603,Cek dm ya min @jeniushelp,netral
Sun May 12 03:22:48 +0000 2024,polareuyo,cek dm min @jeniushelp,netral
Fri Jun 14 13:11:14 +0000 2024,shintaa1924,@jeniushelp min cdm ya minn,netral
Sat Jun 22 09:53:22 +0000 2024,delimangg,Tolong @JeniusConnect @jeniushelp kenapa SGD saya kesedot terus sama transaksi yg tidak jelas??? https://t.co/z8uOjDtlUy,netral
Wed Jun 12 17:45:57 +0000 2024,syfnhsn,Ini JENIUS @jeniushelp kok ga transparan ya.... 10.000 admin fee tiap bulan tapi ga ada di daftar transaksi Ada settlement trial subscription uang masuk 1.5 dollar aka 20ribuan tapi saldo utama gue tetep aja 6 ribuan,negatif
Sun Jun 30 22:02:52 +0000 2024,geyembungsoda,@jeniushelp cek dm minn,netral
Sun Jun 02 04:04:21 +0000 2024,arfebibots,@jeniushelp tolong cek DM ya min ,netral
Sat Jun 29 03:25:57 +0000 2024,jeniushelp,@ThatDitya Hi Kami informasikan laporan tagihan kartu kredit per juni terdapat Biaya Layanan Notifikasi yang dikenakan atas pengiriman informasi melalui Push Notification atau e-mail untuk transaksi sukses dan transaksi tarik tunai di ATM menggunakan kartu kredit^MBS,netral
Sun Jun 02 06:44:26 +0000 2024,Rosadicted,@jeniushelp Kak cek DM yaaa,netral
Tue Apr 02 07:23:46 +0000 2024,tilikangin,Cek DM ya min @jeniushelp,netral
Wed Mar 13 00:50:57 +0000 2024,_eccedentes,Betulin dah chat live lu @JeniusConnect @jeniushelp Lama banget responnya https://t.co/Ye5IQCAiNF,negatif
Sun Mar 31 13:48:45 +0000 2024,kookoari,Kaget tiba-tiba Jenius gak bisa login lagi eror kah? @jeniushelp,netral
Sat Mar 30 08:08:42 +0000 2024,indrabk,@BNICustomerCare halo min tgl 27 Mar lalu sy topup tapcash via aplikasi @jeniushelp tp sampe hari ini dananya blm masuk ke tapcash. Gmn ya Min? https://t.co/6WiUicw8yD,netral
Fri Mar 08 10:32:19 +0000 2024,dohelmifasolasi,@jeniushelp ini kenapa gak bisa masuk ya? Mentok di Masukan Pin https://t.co/8QYAkaD7Fu,netral
Sat Mar 30 08:11:23 +0000 2024,indrabk,Sy check di aplikasi @jeniushelp @JeniusConnect tp diminta hubungi @BNICustomerCare langsung. Krn sudah lebih dari 2x24jam tp saldo tapcash tidak bertambah. https://t.co/0QHlv19ku3,netral
Mon Mar 04 02:49:04 +0000 2024,arachmanto,Hi @jeniushelp mau tanya dong saya terima email dari team bptn. Apakah email ini benar punya BTPN?. Terima kasih. https://t.co/vTfKnvqI2d,netral
Sat Mar 16 09:48:33 +0000 2024,memurceee,Apasih anjrt tiba tiba di potong 120k jenius anj @jeniushelp https://t.co/UNmTwXJbRR,negatif
Wed Mar 06 22:38:16 +0000 2024,mutizain,@jeniushelp halo min boleh tolong cek DM ya. Terima kasih,netral
Mon Feb 26 12:53:58 +0000 2024,amienkarim,@jeniushelp Ini adalah booth kedua @JeniusConnect yang saya datangi sebelumnya di Puri dan berakhir tidak ada solusi Telf call center di suruh ke GI sampe booth GI tidak ada service agent. @jeniushelp https://t.co/VEu1eddq1o,negatif
Mon Feb 26 13:45:48 +0000 2024,amienkarim,@jeniushelp @JeniusConnect Uda samperin booth central di central Park dan apa hasilnya? Nihil juga dong.. Service center tutup jam 20.00 Waah bener2 kacau @JeniusConnect @jeniushelp https://t.co/Iohm8ESimd,negatif
Sun Mar 31 13:48:55 +0000 2024,hvdiw,halo min tiba2 akun jenius saya ke log out sendiri lalu pas masukin password salah terus padahal benar gimana ya @jeniushelp,netral
Mon Feb 19 01:39:52 +0000 2024,simply_valll,@ghozyulhaq @akun_judi @lps_idic @annisast @HappyIsNothing_ @BigDy18 @linebankid @digibank @jeniushelp Median nasabah milenial/gen z naro deposito under 250jt dimana bunga nya masih di 4 25%. Berarti masih masuk jaminan LPS kan? Bgmn kalo naro deposito di atas 250jt? @lps_idic tdk di jamin pokok &amp; bunga nya juga? @jeniushelp https://t.co/QI8T8Hhw3Y,netral
Wed Feb 28 13:43:39 +0000 2024,syaharbanu_,Halo @jeniushelp kalau mau pakai kartu debit Jenius di MRT Singapore apakah harus memindahkan saldo rupiah ke dolar Singapore atau ga? Apakah kartunya perlu diaktivasi dulu di stasiun MRT Singapore sebelum bisa ditap di pintu masuk? Makasih,netral
Wed Mar 27 06:15:06 +0000 2024,fiantoarii,@jeniushelp @JeniusConnect branch code Jenius ini diisi apa ya? please https://t.co/kD4V3L9i50,netral
Mon Apr 01 05:54:44 +0000 2024,TutusThomson,@jeniushelp Hi admin cek dm dong terimakasih,netral
Mon Mar 25 03:31:28 +0000 2024,IrfanRiansyahhh,@jeniushelp hello min mungkin untuk notifikasi mengenai biaya feesible perlu untuk dijelaskan dengan detail atau ditampilkan. Saya sudah topup saldo untuk pembayaran Flexi cash namun karena ada biaya tersebut saldo saya tidak sesuai dan mendapatkan biaya keterlambatan.,netral
Sun Feb 25 08:16:02 +0000 2024,amienkarim,Halo @jeniushelp dimana booth di daerah Jakarta,netral
Wed Mar 27 23:16:46 +0000 2024,jeniushelp,@nurul_weye Terima kasih sudah menghubungi Jenius. Apabila ada pertanyaan lain kamu dapat menghubungi Jenius melalui layanan telepon 24 Jam 1500365 Jenius Help Chat atau email ke jenius-help@btpn.com untuk informasi lebih lanjut. Have a nice day! ^RBN,netral
Tue Mar 19 09:17:01 +0000 2024,karinyoo,@fitridefi @jeniushelp Jenius sudah bisa contactless. Temen-temenku yang dari indonesia kalau ke Sydney selalu aku saranin kemana-mana tap jenius cardnya aja.,positif
Sun Mar 24 10:08:39 +0000 2024,raditenangis,@jeniushelp Makasii,netral
Fri Feb 02 04:20:00 +0000 2024,maschangbinn,Halo @jeniushelp ini kenapa gak ada pengajuan yaa https://t.co/eqDJTHCc2l,netral
Wed Feb 07 05:32:13 +0000 2024,andrianinovindh,Ini kenapa yahh jeniusku tida bisa memakai promo HokBen @JeniusConnect @jeniushelp Jenius HokBen gagal terus https://t.co/RgoTiDAO3F,netral
Wed Jan 24 03:37:06 +0000 2024,akuharapanmu,Halo @jeniushelp promo ini kenapa ga bisa dipake ya? Padahal udah pake kartu debit jenius dan belanja 100K. Apakah ada kuotanya? Cc @GrabID https://t.co/rgGv2PbM7o,netral
Fri Jan 26 00:39:23 +0000 2024,UrFriendly_Duck,Terima kasih bank Jenius karena sudah memantapkan saya untuk berpindah bank. @JeniusConnect @jeniushelp Kesalahan sistem tetap dibebankan ke pengguna. Sudah 5 tahun saya berada di dalam love-hate relationship dengan kalian dan saya menyatakan menyerah. https://t.co/PAMbhDxFHP,negatif
Sat Jan 27 09:42:16 +0000 2024,NabillaDP,Halo @JeniusConnect @jeniushelp boleh tau penjelasannya ini biaya apa ya? https://t.co/2i9G1kMlXD,netral
Tue Jan 02 09:08:50 +0000 2024,boughil,@jeniushelp min klo sy tidak berkenan data diri dibagikan ke pihak lain untuk dapat info promosi berarti sy tidak bisa menggunakan lagi jenius?? https://t.co/n1CQ0sDDU1,netral
Mon Feb 05 04:16:39 +0000 2024,w4ngiii,Tadi udh kasih saran di layanan telp sih Untuk @JeniusConnect @jeniushelp Tadi katanya kan gaharus telp tuh bisa web chat. Tp di Mobile Appnya cuma call kan ? setidaknya kita sebagai user diarahin ke link web chat juga gak ke call doangan. beli pulsa smpe 2x 15K udah habis loh https://t.co/Q7uvXwuRTr,negatif
Thu Jan 25 08:28:45 +0000 2024,DevandS,Hallo @jeniushelp @JeniusConnect mending kalian ganti pengiriman dari kurir @jntexpressid kartu debit belum di terima malah kurirnya maksa lapor kalau sudah terima. Dan ternyata kurirnya gk tau alamat itu dokumen penting dan pribadi cari yang lebih kredibel. https://t.co/lpl4oC6xfn,negatif
Sat Jan 27 07:45:29 +0000 2024,AryaDwipangga03,Katanya masukan darimu sangat berarti pas mo dikasi masukan udah langsung ngeror. Udah fix ini @jeniushelp @JeniusConnect kaga peduli apa kata nasabah. Bye bye lah ya udah dikasi iuran 10rb per bulan bukannya makin oke malah ini makin kesini makin kesana..... https://t.co/uXIh3Y3K55,negatif
Mon Feb 05 02:38:31 +0000 2024,ichbinadam_,bersama bank btpn nanananana lebih bermakna~ thank you @jeniushelp @JeniusConnect customer service nya 10/10 thank you juga kak cika yang satset ga kalah ama B*A https://t.co/8Zw80Fzuu8,positif
Thu Jan 18 13:22:32 +0000 2024,pradiptantri,nunggu sampe kapan min @jeniushelp https://t.co/GLnwAiz2rS,netral
Fri Jan 19 07:00:21 +0000 2024,saepvlm,Cek dm min @jeniushelp,netral
Fri Jan 12 09:30:12 +0000 2024,tietieutie,@jeniushelp Halo kak mohon info untuk program cicilan kartu kredit jenius 0% ada untuk tenor berapa ya? Sy sudah cek di web jenius tp blm diupdate masa berlaku sampai des 2023,netral
Thu Jan 25 08:43:45 +0000 2024,JeniusConnect,Customer Service resmi Jenius (24 jam): Call Center: 1500 365 E-mail: jenius-help@btpn.com X: @jeniushelp PT Bank BTPN Tbk berizin dan diawasi oleh Otoritas Jasa Keuangan (OJK) Bank Indonesia (BI) dan merupakan peserta penjaminan LPS.,netral
Tue Feb 13 02:08:10 +0000 2024,jeniushelp,@saacita @JeniusConnect Hi Sa. Benar promo Shihlin berlaku selama periode 12 Februari 2024 1 April 2024 setiap hari Selasa. Berlaku untuk 1 kali transaksi per user per bulan. Kuota promo QRIS Saldo Aktif 1.500 per hari. Kuota promo QRIS Paylater 75 per hari cek selengkapnya melalui,netral
Fri Feb 16 07:24:16 +0000 2024,_ysane,Akun jenius kalau lama ga dipake sekitar 1-2 tahun terus mau diaktifin lagi bisa ga? @jeniushelp,netral
Tue Feb 06 04:33:40 +0000 2024,journalin,Wew ternyata ada yang ngalamin hal serupa gara2 #kartukreditJenius #JeniusConnect @jeniushelp Solusi dari Jenius cuma ngirim kartu pengganti dan TETAP BAYAR tagihan fiktif! GWS deh udahlah ga ngasih alert fraud blokir dan ganti kartu lama banget ini investigasi macam apa? https://t.co/yW4j3g2ejm,negatif
Fri Jan 05 04:55:10 +0000 2024,indrisme,@jeniushelp min boleh cek dm? Makasih,netral
Sat Feb 17 12:17:21 +0000 2024,jaemin3cats,kenapa mau buat password jenius gabisa terus @jeniushelp https://t.co/Q8TbFEdaRw,negatif
Mon Feb 05 14:11:07 +0000 2024,kittenkweenn,@jeniushelp min cek dm,netral
Sun Oct 29 02:19:55 +0000 2023,rndomsi,Halo promo ini berlaku ga buat hari ini? Soalnya pernah dtg ke KFC blg ga berlaku krn ada paket yg 70an itu dari jenius tolong infonya berlaku hari ini atau gak thank you @JeniusConnect @jeniushelp https://t.co/IAieK53gVq,netral
Thu Nov 16 07:53:40 +0000 2023,FebryanValdo,Hallo min @jeniushelp ini Jenius kenapa ya? Kok error terus dari tadi? Mau topup sama transaksi failed terus. https://t.co/PRMGHKdL1d,negatif
Fri Dec 01 08:45:26 +0000 2023,janedoeisliving,Yeah we love to be gaslighted.. nungguin nih tiba-tiba chat uda end aja. Tapi tetep ya pelanggan yang BUSY WITH SOMETHING ELSE @JeniusConnect @jeniushelp https://t.co/4rQRS3PABd,negatif
Fri Dec 01 04:49:42 +0000 2023,2bern2,Parah sih emang per-CS-an bank digital satu ini. @jeniushelp @JeniusConnect Gak ada bagus-bagusnya. Zero empathy. Call center gak bisa terhubung udah gue telponin pagi sore malem subuh. Payah. https://t.co/8wBLBULVAM,negatif
Wed Nov 15 04:21:54 +0000 2023,_alfatikha,Promo jenius x gojek (untuk gofood) itu cuma sehari sekali atau selama seminggu cuma sekali ya? @gojekindonesia @jeniushelp @JeniusConnect,netral
Sun Dec 03 07:04:40 +0000 2023,EjiErubani,Saya dapat email ini saat mengajukan kartu kredit tapi cara upload slip gaji nya dimana ya? @jeniushelp https://t.co/6cyrFhSHoA,netral
Mon Oct 16 07:26:47 +0000 2023,zengiyu,haloo min aku barusan udah telfon ke call center jenius terkait unlink device tapi tiba2 mati karena pulsaku abis help min tadi diinfoinnya bakal dikasi link video call di email @jeniushelp,netral
Thu Nov 16 09:48:14 +0000 2023,nazellnut,halo @jeniushelp saya lupa password jenius gmn ya. mau tf jadii gabisa soalnya lupa password,netral
Fri Dec 01 08:14:43 +0000 2023,janedoeisliving,Setelah disuru nunggu 10 hari kerja dapat email lagi suru nunggu 20 hari kerja. Settlement gara2 kartu declined trus terdebet emang lama banget ya? Mana setiap tanya ditanya balik apakah bill sudah dibayar? Agak ngaco emang -_- @jeniushelp @JeniusConnect,negatif
Wed Nov 15 12:14:12 +0000 2023,alandakariza,Kira-kira kalo nggak bisa daftar kartu kredit @JeniusConnect itu kenapa ya? Ada yang ngalamin juga nggak? FlexiCash malah dikasih limit besar dan eligible buat PayLater juga. @jeniushelp,netral
Mon Dec 04 00:23:07 +0000 2023,cesarinae,@JeniusConnect @jeniushelp apakah ada promo flexi cash untuk bulan Desember?,netral
Sat Dec 02 07:11:56 +0000 2023,ThatDitya,@jeniushelp min cek dm ya. Makasih!,netral
Fri Nov 24 23:54:46 +0000 2023,marbotmusholla,Cek dm @jeniushelp,netral
Thu Nov 16 07:35:04 +0000 2023,thomyutomo,@jeniushelp @JeniusConnect siang kak saya barusan transfer dari BNI ke BTPN Jenius via BI Fast dengan status transaksi sudah berhasil dan saldo sudah terpotong di tekening BNI saya tapi kok di jenius belum ada uang masuk ya? di history transaksi juga tidak ada,netral
Mon Nov 20 11:41:16 +0000 2023,tapeuyaki,Halo @mandiricare @jeniushelp saya mau transfer dari mandiri ke rek jenius aktif kok keterangannya seperti ini kenapa ya? Mohon dibantu. Thanks https://t.co/L2UAREtByo,netral
Tue Nov 28 08:53:58 +0000 2023,rusydinat,mohon cek DM @jeniushelp,netral
Wed Nov 29 02:52:04 +0000 2023,flip_id,@_temi @jeniushelp Hi Kak mohon maaf atas ketidaknyamanannya. Boleh diinfokan kendala yang dialami via DM?,netral
Tue Nov 07 10:18:59 +0000 2023,mr_farhanheit,gimana cara mengajukan unlink device melalui email @jeniushelp,netral
Sat Dec 02 10:35:24 +0000 2023,jeniushelp,@inyourdreeamm Hi sudah kami respon DM kamu ya.^YMR,netral
Sat Nov 11 04:50:35 +0000 2023,amayrx,Haloo tolong dong jenius bingung deh mau hubungin cs aja susah banget. Udh email keluhan balesnya luamaaa banget. Hubungin lewat telpon bertele-tele banget sampe 2x isi pulsa terus gadapet jawaban dan penyelesaian. Harus menyampaikan keluhan kemana ini @jeniushelp @jenius,negatif
Fri Sep 15 12:46:53 +0000 2023,hammermilll,Holy moly ini bener cc dr limit 35jt jadi 199jt? Mohon dibantu cek min thanks @jeniushelp https://t.co/5TSw68LSGG,netral
Fri Sep 29 08:02:18 +0000 2023,TalkinAndy,Karena habis ganti gadget gw disuruh unlink device dulu dikasih instruksi. Tapi instruksinya ternyata ngga relevan. Gimana ini @jeniushelp Gb 1&amp;2 screenshot gadget baru Gb 3 screenshot gadget lama https://t.co/7A95Q8KtYP,negatif
Thu Sep 28 02:03:15 +0000 2023,rio_son_of_odin,ini maksudnya apa? @jeniushelp @JeniusConnect https://t.co/AEogaOTr3M,netral
Fri Sep 15 06:24:46 +0000 2023,Ikramsp_,selamat ulang tahun buat @jeniushelp gw maksi segini cuma bayar 12 700 https://t.co/rcNMmzFZNh,netral
Fri Oct 06 10:53:16 +0000 2023,SuhflowerrJ,Halo @jeniushelp saya mau aktifin mata uang asing tapi dari kmren gabisa terus Ini kira2 kenapa ya? Saldo cukup dan internet oke kok Saya udh chat tapi ga dibales boleh tlg bantu gaaa https://t.co/DlPZAEKWBk,netral
Fri Sep 15 08:49:41 +0000 2023,Qweensolo,@jeniushelp min ini dari tadi knp ya uda 30menit? https://t.co/AVfhYKMPaY,netral
Tue Oct 10 23:15:52 +0000 2023,gitaagunanti,promo kintan @jeniushelp @JeniusConnect ini bisa untuk pembelian berapa pax sih? https://t.co/qBsW1ClFJA,netral
Wed Sep 27 18:39:24 +0000 2023,FebriTriHarmoko,Halo @jeniushelp kok saya tidak bisa menampilkan histori transaksi bulan Juni-Juli 2023 ya? Kan belum 6 bulan terakhir. Ini cuma mentok di bulan 1 Agustus 2023. https://t.co/4Bg2vRBqKp,netral
Sun Sep 10 02:28:08 +0000 2023,Merry_meyrishka,Selamat pagi min @JeniusConnect @jeniushelp min maaf mau tanya aplikasinya ko gak bisa diupdate ? padahal ruang penyimpan masih kosong signal juga kenceng. Mohon bantuannya. Terimakasih. https://t.co/jSeexpWTWq,netral
Sat Oct 14 07:59:43 +0000 2023,JeniusConnect,Customer Service resmi Jenius (24 jam): Call Center: 1500 365 E-mail: jenius-help@btpn.com X: @jeniushelp PT Bank BTPN Tbk berizin dan diawasi oleh Otoritas Jasa Keuangan (OJK) dan merupakan peserta penjaminan LPS.,netral
Sat Oct 07 03:42:25 +0000 2023,JeniusConnect,Customer Service resmi Jenius (24 jam): Call Center: 1500 365 E-mail: jenius-help@btpn.com Twitter: @jeniushelp PT Bank BTPN Tbk berizin dan diawasi oleh Otoritas Jasa Keuangan (OJK) dan merupakan peserta penjaminan LPS.,netral
Fri Oct 13 09:40:34 +0000 2023,haloyull,@JeniusConnect @jeniushelp mau tanya saya dulu punya rekening jenius cuma saya lupa nomor telepon dan rekeningnya bisa ga ya ngajuin dengan nomor berbeda tapi niknya sama?,netral
Mon Oct 02 04:06:54 +0000 2023,zahrakhrn,@jeniushelp @JeniusConnect halo gimana caranya aktifasi kartu kredit jenius ya? Saya belum dapat penawaran pengaktifan kartu kreditnya,netral
Sun Sep 17 22:31:17 +0000 2023,Dannydzf,@jeniushelp cek dm kak,netral
Mon Oct 09 20:50:00 +0000 2023,MeinNameistMia,@jeniushelp halo min cek dm ya,netral
Tue Oct 10 05:28:44 +0000 2023,sorrgom,Tolong tolong Tolong aku @jeniushelp !,netral
Sat Oct 07 02:22:22 +0000 2023,luakena,@jeniushelp kak mau nanya dong. Kenapa ya akunku selalu gagal narik Feasible? Padahal saldonya ada.,netral
Tue Aug 22 04:31:14 +0000 2023,kshfnx,halo @jeniushelp ini pajak apa yaa?? tiba-tiba kena pajak gini padahal sebelumnya ngga pernah. apa karna kartunya ada duit jadi kena pajak? https://t.co/GdqbB55RGG,netral
Sun Oct 08 07:30:21 +0000 2023,AryaDwipangga03,Hoy @JeniusConnect @jeniushelp menu buat registrasi fece recognition ada di mana sih di app nya?,netral
Wed Sep 06 05:54:29 +0000 2023,dytaeatsmatcha,Cek DM katanya 24 jam @jeniushelp,netral
Sat Jul 29 05:44:33 +0000 2023,tayonasiiro,@JeniusConnect @jeniushelp ini apa ya https://t.co/qKQ35rgkYK,netral
Mon Aug 14 01:49:25 +0000 2023,sukamrtbkmanis,Ga jelas lu @jeniushelp. Liat aja tanggal transaksinya (foto 1 &amp; 2 hari ini tapi dicek di mutasi ga ada apaÂ²). https://t.co/jiIflXDSId,netral
Tue Aug 15 10:47:57 +0000 2023,jstuhave,kenapa ya ga aktif aktif @jeniushelp https://t.co/pnhPSre0pt,netral
Sat Jul 15 06:20:22 +0000 2023,AuzanGoGreen,Bang udah bang @JeniusConnect @jeniushelp https://t.co/OdlyOmGsxv,netral
Wed Aug 02 13:39:22 +0000 2023,Suryadi_surr,Sy sangat shock dengan aturan pay early dari bank jenius singkat cerita sy pake fitur paylater trus ditanggal 1 sy bayar duluan setelah bayar saldoku malah terpotong 100.000 dengan 5kali transaksi dengan notif settlement. jdi hitungannya 2kali bayar @JeniusConnect @jeniushelp https://t.co/jI5GNZI7St,negatif
Tue Aug 15 08:11:57 +0000 2023,bigdaulay,Promo jenius dan pergi ke kfc kisaran staff kfcnya bilang enggak tau promo dan mesin qris rusak. Podo wae @jeniushelp @JeniusConnect https://t.co/bpkooxb9GS,negatif
Sat Aug 12 12:56:20 +0000 2023,JeniusConnect,Customer Service resmi Jenius (24 jam): Call Center: 1500 365 E-mail: jenius-help@btpn.com Twitter: @jeniushelp PT Bank BTPN Tbk berizin dan diawasi oleh Otoritas Jasa Keuangan (OJK) dan merupakan peserta penjaminan LPS.,netral
Wed Aug 02 06:07:46 +0000 2023,Suryadi_surr,tolong dong diinformasikan ini Settlement apa? saldoku terpotong 500rb dengan keterangan settlemen. tolong dikonfirmasi @jeniushelp @JeniusConnect https://t.co/j7UjmLfo9u,netral
Sun Aug 06 08:32:14 +0000 2023,KemFazHas,@jeniushelp halo Admin ini kenapa aplikasinya tidak bisa diakses hanya berputar2 di halaman PIN. Koneksi tidak ada masalah karena aplikasi bank lain bisa diakses.,negatif
Tue Aug 15 02:55:46 +0000 2023,berrieyummy,Halo @jeniushelp saya transfer ke BCA tulisannya terkirim tapi di mutasi BCA ga ada. Uangnya udah kepotong. Kenapa ya?,netral
Tue Aug 15 15:25:21 +0000 2023,_bbe,dear @jeniushelp kenapa pada saat mengirimkan kartu tidak sesuai dengan alamat pada aplikasi? casenya udah ubah alamat di aplikasi dan mengajukan pengiriman kartu tapi selalu dikirim ke alamat yang lama. udah 3x lho ini salah kirim terus.,negatif
Mon Jul 10 13:15:04 +0000 2023,ajengaryanti,Halo @jeniushelp ini tadi gagal bayarnya cma sekali tapi ditarik dendanya kok sampe 3x ya? https://t.co/dbMhXIJvrJ,netral
Wed Aug 16 04:23:00 +0000 2023,naisilampard,@jeniushelp halo min cek dm yaa. Makasiihhh,netral
Mon Aug 14 18:18:56 +0000 2023,slvkim_,Seandainya tau ada pajak 10rb/bulan pasti ga se nyesek ini niat nyimpen biar berbunga eh malah kepotong nyesek bgt mana lagi gaada duit mau ambil karena lagi butuh bgt duit @jeniushelp https://t.co/7G7ov8sQRp,negatif
Sun Aug 13 13:50:37 +0000 2023,hannyekas,terima kasih @jeniushelp https://t.co/v0JOXgVFdz,positif
Mon Aug 07 22:24:32 +0000 2023,menjadiapaprok,Ini kenapa skarang jenius ada fee nya ya klo tf? Perasaan waktu utu gratis deh @jeniushelp https://t.co/x75nfYtEmC,netral
Sat Aug 12 11:17:17 +0000 2023,jokiinryujie,tolong ini kenapa ya?? ga ada perangkat yang pernah saya masukin jenius @jeniushelp https://t.co/IKJ2QT0uF3,netral
Thu Jul 27 11:29:15 +0000 2023,NadyaTrisya,@jeniushelp min cek dm doong,netral
Fri Aug 11 11:42:39 +0000 2023,cimahacima,@jeniushelp cek dm min,netral
Wed Aug 09 10:03:07 +0000 2023,O512CORE,@jeniushelp min masih ada promo nonton jenius gak?,netral
Thu Jul 06 11:23:18 +0000 2023,naddyaw,@rulihskr @Lasuardi @wiram @eosmate @bagusvdr @jeniushelp Bonus bukti nyata beneran sampe ludes saldonya whats wrong @jadijago ?? https://t.co/v6cqZ6GPGK,negatif
Mon Jun 26 02:39:22 +0000 2023,byeoliejihoon,hi min cek DM ya ^^ @jeniushelp,netral
Tue Jul 04 08:26:03 +0000 2023,heyrum4,Syarat pengajuan cc Jenius apa kak @jeniushelp,netral
Thu Jul 06 06:53:51 +0000 2023,tsyvrm,@eosmate @jeniushelp @ mau tag tmn gue nisa tp ga ketemu usernya,netral
Wed Jul 05 22:44:16 +0000 2023,radradinal,@eosmate @jeniushelp Ini salah satu alasan kenapa saya tidak lagi pakai jeni selain dendanya yg gila gilaan. Setiap transaksi itu tidak memakai authentikasi (tunggu kode sms). Resiko tinggi apalagi sistemnya debit card bukan kredit. Kalo kesedot kita susah minta balikin.,negatif
Mon Jul 10 13:09:35 +0000 2023,jeniushelp,@dindinata30 Hi berlaku Free annual fee tahun pertama berlaku program free annual fee tahun berikutnya ketentuan kumulatif transaksi bulan 1-12 sebesar min.30 juta(d-card)untuk di waive annual fee di tahun ke2 (atau yang akan dikenakan pada bulan ke 13) dan untuk tahun-tahun berikutnya,netral
Tue May 30 19:26:08 +0000 2023,AaEzha,@jeniushelp apakah itu nomor bebas pulsa?,netral
Tue May 30 19:37:25 +0000 2023,AaEzha,@jeniushelp Baik terima kasih atas informasi dan asistensinya. ^RNF,positif
Thu Jul 06 05:52:55 +0000 2023,xxxgnag,@bukandeng @eosmate @jeniushelp skg pake apa?,netral
Wed Jul 05 16:50:42 +0000 2023,bagusvdr,@eosmate @jeniushelp Walah.. Ini pertimbangan serius buat ga lagi pake Jenius. Beberapa waktu emang uda kepikir untuk tutup akun.. Tapi masih tarik ulur.. Bocor dari mana ya kira2 CVV nya ini.,netral
Thu Jul 06 02:50:35 +0000 2023,diksimati,Ngeri betul @jeniushelp wooy udah app lelet dulu juga banyak kasus tiba2 ada potongan saldo ini malah ada celah carding. Waktu yg tepat untuk tutup akun! Semoga dana bisa kembali Pak.,negatif
Tue May 30 19:24:23 +0000 2023,AaEzha,@jeniushelp hai min boleh minta asistensinya perihal ganti nomor handphone untuk akses ke Jenius Mobile? Terima kasih.,netral
Tue May 30 19:35:43 +0000 2023,AaEzha,@jeniushelp terkait perubahan nomor telepon ini apakah bisa dilakukan dengan mengunjungi booth Jenius langsung yang biasa ada di mall? ^RNF,netral
Sat Jul 08 10:27:53 +0000 2023,jeniushelp,@nu_maida Hi Nurul Maulida saat ini Jenius tidak terdapat kendala login ya. Mohon pastikan versi aplikasi Jenius terbaru dan dapat melakukan clear cache maupun kill app pada device kamu. ^MBM,netral
Wed Jul 05 18:29:58 +0000 2023,tanjungpantun,@eosmate @jeniushelp Wah aku juga kena carding CC mandiri aku tiba2 ada transaksi dr WALMART BENTONVILLE juga saat ini lg tahap investigasi dr mandiri. Panik bgt ,netral
Sat Jul 08 10:05:06 +0000 2023,jeniushelp,@arc___ade Hi Kuromi untuk DM kamu sudah kami respon ya. Terima kasih. ^MBM,netral
Mon Jul 10 12:30:44 +0000 2023,jeniushelp,@bbreeeezyX Hi Muhammad Dany Prayudha DM kamu sudah kami respon ya terima kasih. ^MBM,netral
Sun Jul 09 09:12:28 +0000 2023,jeniushelp,@dezarama Hi ramadanti syarif.deza untuk DM kamu sudah kami respon ya. Terima kasih. ^MBM,netral
Mon Jul 10 12:44:50 +0000 2023,jeniushelp,@hellonotkitty Hi untuk DM kamu sudah kami respon ya. Terima kasih. ^MBM,netral
Thu Jul 06 10:43:36 +0000 2023,februar_ry,@eosmate @adtngh @jeniushelp Kok serem ya â€,negatif
Tue May 23 04:23:06 +0000 2023,c0mbra1n,Fyuuhh akhirnyaaaaa Jenius jenius. Kenapa baru sekarang sih. Thanks ya @jeniushelp https://t.co/x3TkTqkSyA,positif
Thu May 18 12:55:00 +0000 2023,yulianayuchan,Bingung sama @JeniusConnect masa tetiba kartu kredit diblokir bank. Keterangannya ada tagihan belum dibayar atau cicilan kurang. Padahal gak ada cicilan dan selalu bayar full sesuai tagihan. Membingungkan @jeniushelp https://t.co/6eKUCqJI82,negatif
Thu May 11 23:32:12 +0000 2023,antoarief,Berasa dirampok @jeniushelp. Baru tau ada feesible tiap bulan hrs bayar 10rb. Pdhl udah ga aktif akunnya. Kemarin masukin 150rb tau2 dipotong lebih separuhnya. Dan sisa 60rban. Kecewa sekali @jeniushelp. Tau gitu saya tutup aja akunnya. Org ga aktif juga. https://t.co/vRcdlBb9Km,negatif
Fri May 12 13:02:07 +0000 2023,ygbacainigila,Ada yg make @jeniushelp gak? Ini tuh actuve balance cmn di e waletnya aja atau udah masuk ke ATM? Soalnya di kartunya IDR 0 https://t.co/BChZ0JvjH8,netral
Mon May 08 03:42:23 +0000 2023,fadlilarohim,kenapa ini lg trobel kah? @jeniushelp https://t.co/GbunR3h0lh,netral
Mon Apr 24 00:41:22 +0000 2023,leo_chelseafc,ini saya melakukan transaksi dari THB ke IDR dengan exchange rate segini apakah sudah benar? ada link referensi untuk rate valuata asing? @jeniushelp https://t.co/3jU6OmIPdm,netral
Wed May 10 11:50:16 +0000 2023,wagsmonger,@jeniushelp min saya sudah cairin FC nih cair cashbacknya kapan ya? https://t.co/sqyzUwWtXK,netral
Thu May 25 12:32:31 +0000 2023,Muharriansah,Min aq buka aplikasi @jeniushelp tapi munculnya begini... perangkat lama aq ga punya lagi udh dijual... tp udh kluar sii dri aplikasi sana https://t.co/gDStptCIYp,netral
Fri May 19 07:07:41 +0000 2023,akunyakul,@jeniushelp @JeniusConnect kok aku gabisa payment di airbnb ya? saldonya ada dan cukup tapi didecline. any solution? https://t.co/geHGUPMXjf,netral
Tue May 09 14:29:21 +0000 2023,BagusRMRF,@jeniushelp halo min minta tolong utk hapus perangkat. saya mau login di device yg berbeda tidak bisa,netral
Sun Apr 23 15:20:12 +0000 2023,_dikun,Ini gue doang atau @jeniushelp emang lagi eror?,negatif
Wed May 24 15:35:59 +0000 2023,MeinNameistMia,halo booth jenius di Bandung di mana aja min? @JeniusConnect @jeniushelp,netral
Thu May 25 02:33:49 +0000 2023,nunudalban,@jeniushelp halo min min saya sudah mendapatkan email dari jenius help untuk video call namun setelah saya klik ternyata tidak bisa terhubung. Kenapa ya min?,netral
Sun May 21 07:59:41 +0000 2023,thiayuli,@jeniushelp @JeniusConnect @jeniushelp ga tanggung jwb bangey,negatif
Sun Apr 23 07:20:52 +0000 2023,karinaoktr,apa nih apa nih mau tutup apa begimane @JeniusConnect @jeniushelp https://t.co/VCX8yyPJ76,netral
Mon May 29 08:40:31 +0000 2023,wildan3105,@jeniushelp Gak ada cara lain selain itu? Kok ribet sekali ya..,negatif
Sun Apr 23 04:10:10 +0000 2023,mhrn_ptri,Halo @jeniushelp @JeniusConnect ini kenapa saya gak bisa masuk ke akun saya ya? https://t.co/wvyvrkcZMb,negatif
Thu May 11 23:37:37 +0000 2023,antoarief,@jeniushelp Gausah.,netral
Wed May 17 04:16:16 +0000 2023,masiqisme,@jeniushelp min ga bisa transfer ke jenius dari tadi pagi knapa ya?,negatif
Tue May 09 04:43:33 +0000 2023,NNNunaja,@jeniushelp cek dm,netral
Tue Apr 18 09:07:15 +0000 2023,fleureese,Serius dikit lah @jeniushelp https://t.co/Z0Hs0lc0PM,negatif
Sat Apr 22 04:39:13 +0000 2023,NanaUserMM,Terimakasih dan selamat tinggal... @JeniusConnect @jeniushelp @lifeatbtpn https://t.co/tM7lCslDlF,positif
Fri Mar 24 14:11:00 +0000 2023,srpakle,Gangguan ya? @jeniushelp https://t.co/JXavzxCaxW,netral
Fri Mar 24 05:08:34 +0000 2023,urBabyEl,mau transaksi pakai apps jenius ini smpe kapan gangguan nya? kira2 lama gak ya?? @JeniusConnect @jeniushelp https://t.co/XaClB3Z2up,negatif
Mon Mar 20 10:04:26 +0000 2023,salahkan_ian,Halo.... @gojekindonesia @jeniushelp Gw ini lagi mesen gofood pake pembayaran debit. Pas gw liat in&amp;out ecard gw kok ada auto debit kekurangan dana padahal baru topup ke ecard Foto ini adalah bukti kekurangan dana. Tolong ditindaklanjuti takutnya ada transaksi besar dan error https://t.co/JrwZ8a8EJ7,negatif
Fri Mar 31 10:20:30 +0000 2023,dararararari__,kalo promo ini masih ada gaa dan buat resto apa ajaa minnjen @JeniusConnect @jeniushelp https://t.co/cJk4DOMddj,netral
Mon Feb 13 07:53:59 +0000 2023,bakpaucokelaat,min @JeniusConnect @jeniushelp promo xxi masih ada ga ya min? thank youu,netral
Fri Mar 24 04:44:54 +0000 2023,wildan3105,@jeniushelp min jenius maintenance sampek kapan ya?,netral
Sun Apr 16 06:11:13 +0000 2023,JeniusConnect,Customer Service resmi Jenius (24 jam): Call Center: 1500 365 E-mail: jenius-help@btpn.com Twitter: @jeniushelp PT Bank BTPN Tbk berizin dan diawasi oleh Otoritas Jasa Keuangan (OJK) dan merupakan peserta penjaminan LPS.,netral
Thu Apr 13 16:07:43 +0000 2023,kangkaka01,@jeniushelp @JeniusConnect @lifeatbtpn Emailnya kemana,netral
Thu Apr 13 11:16:57 +0000 2023,kangkaka01,@jeniushelp @JeniusConnect @lifeatbtpn Dah djual hapenya,netral
Tue Mar 28 12:16:35 +0000 2023,obetmohammad,@jeniushelp betul gimana min?,netral
Wed Apr 19 05:22:47 +0000 2023,fleureese,@jeniushelp @jeniushelp serius dikit lah mau help beneran apa cuma help username doang,negatif
Sun Mar 19 03:25:58 +0000 2023,angga1_suta,Hi @JeniusConnect @jeniushelp saya tibatiba mempunyai kendala dana ditahan padaha saya tidak mengetahui apapun mengenai tagihan dan selama ini transaksi selalu berjalan lancar apakah yg dimaksud dengan ditahan ini? Saya sampai kosongkan saldo saya untuk save dana saya https://t.co/hpomoBKike,netral
Fri Mar 24 06:52:13 +0000 2023,FurryAgnestya,Udah 2 jam nih min masih gangguan aja :( mau transaksi banyak soalnya @JeniusConnect @jeniushelp https://t.co/P3FpYsGDM1,negatif
Thu Apr 13 16:11:20 +0000 2023,kangkaka01,@jeniushelp @JeniusConnect @lifeatbtpn Done ya by email mudah2an cepat prosesnya . Thx,netral
Sun Apr 23 03:34:57 +0000 2023,kurnialexander,@jeniushelp lagi down??? kapan baliknya ya?,negatif
Thu Apr 13 07:12:06 +0000 2023,Saefullloh,Min @JeniusConnect @jeniushelp mending baca thread saya dan coba dibantu yukkk,netral
Thu Apr 13 11:15:28 +0000 2023,kangkaka01,Disaat bank lain kalo ganti hp mbankingnya bisa langsung aktif! @JeniusConnect @jeniushelp @lifeatbtpn,netral
Thu Mar 30 03:28:56 +0000 2023,rozelinne,@jeniushelp halo min saya mau ganti m-card. Sudah diblokir permanen juga. Nah kapan ya saya dapat email pemberitahuan kartu akan dikirim?,netral
Sat Feb 04 11:06:20 +0000 2023,scarecrowthings,@jeniushelp @JeniusConnect Iya masalah nya saya punya fitur nya. Kalo emang ngga terdaftar. Kenapa ada? https://t.co/aRMLf7A5hu,netral
Fri Feb 10 01:21:03 +0000 2023,kuncirumahtua,Nabung dikit dijenius dah hmpir 250k td pagi cek saldo langsung raib 120k . Katanya ad feesible kok langsung sebanyak itu pemotongannya :) @jeniushelp https://t.co/G7mveTY8Wl,negatif
Mon Jan 30 04:25:44 +0000 2023,onlyforbk,min aplikasi jenius aku kenapa gini terus ya gak bisa login? @jeniushelp https://t.co/nl7oKQTkGD,negatif
Mon Feb 06 11:54:42 +0000 2023,peeweegaskins,Gabisa login teruss gimana ni @JeniusConnect @jeniushelp https://t.co/B4L7UKRiWm,negatif
Tue Feb 07 10:07:04 +0000 2023,jednyevnik,Lg kenapa yaaa??? @jeniushelp https://t.co/sFI17eEJr4,netral
Tue Feb 07 10:18:28 +0000 2023,fetyfety,@jeniushelp @jednyevnik kakak admin keknya harus kamu cek lagi deh. soalnya saya juga gitu. ini baru mau ngetweet. https://t.co/CRaVu6MtHR,netral
Tue Jan 31 05:02:38 +0000 2023,storyofsunny,@jeniushelp Proses berapa hari ya,netral
Wed Feb 01 15:15:45 +0000 2023,kanakatou23,Hai @JeniusConnect @jeniushelp Dari tadi seperti ini terus bagaimana solusinya? https://t.co/7DORwRg6HT,netral
Tue Jan 31 04:50:49 +0000 2023,storyofsunny,@jeniushelp ganti ATM bisa diwakilkan ga?,netral
Mon Jan 23 12:29:10 +0000 2023,jamurcryspi,Min @jeniushelp kok kartu saya gabisa dipake buat narik tunai sih?? Udh saya coba di 2 atm gagal mulu. Pdhl kartu saya msh baru banget. Ini knp yaa?,negatif
Tue Feb 07 06:10:55 +0000 2023,agamimaulana,Hi @jeniushelp cara tau branch name dari account jenius kita gimana ya? Thanks,netral
Tue Jan 31 04:27:35 +0000 2023,feisme_,Halo @jeniushelp apakah ada promo nonton?,netral
Sun Jan 29 08:48:28 +0000 2023,O512CORE,@jeniushelp min promo nonton bioskop pake jenius masih berlaku gak? Info dong min,netral
Thu Feb 09 05:49:52 +0000 2023,fajar_pc,Siang @jeniushelp mau tanya dong. Kalo mau submit akun Jenius kode OTPnya akan dikirim ke nomor pendaftaran awal ya? Walaupun sekarang nomornya udah ga dipake lagi. Gimana tuh?,netral
Fri Feb 03 14:54:23 +0000 2023,zahrakhrn,@jeniushelp Kalau alamat ktp yang didaftar di jenius dengan alamat sekarang berbeda. Saya harus bagaimana? Sudah mengajukan perubahan data ktp di email tapi belum ada balasan yang pasti,netral
Mon Jan 30 07:07:38 +0000 2023,paulboyak,Ini akun siapa lagi @JeniusConnect @jeniushelp,netral
Sat Feb 11 03:10:45 +0000 2023,JeniusConnect,Customer Service resmi Jenius (24 jam): Call Center: 1500 365 E-mail: jenius-help@btpn.com Twitter: @jeniushelp PT Bank BTPN Tbk berizin dan diawasi oleh Otoritas Jasa Keuangan (OJK) dan merupakan peserta penjaminan LPS,netral
Fri Feb 03 14:25:19 +0000 2023,zahrakhrn,@jeniushelp halo kalau kartu debit akan expired sebentar lagi apa yang harus saya lakukan? Apa blokir saja kartu debitnya saat sudah expired?,netral
Tue Feb 07 06:14:30 +0000 2023,agamimaulana,@jeniushelp Apakah masih sama ? SWIFT code: SUNIIDJA Branch name: KCP Mall Kota Kasablanka Jika terima uang dari LN apakah branch name diatas general untuk semua account? Thanks,netral
Sun Jan 22 23:35:59 +0000 2023,AmmarshaR,Halo min @jeniushelp cek dm ya,netral
Sat Jan 21 17:20:35 +0000 2023,A_Noordiansyah,Kaya deh lu ya sama ginian @jeniushelp hhh https://t.co/XNy7dyktaJ,negatif
Mon Jan 02 13:23:27 +0000 2023,jgndktaqgemini,Ini @JeniusConnect @jeniushelp apa apaan sih. Blokir kartu aja luama pol. Kalau berhubungan sama ganti kartu dan ngasilin cuan buat dia cepet banget. Ganti CSnya. Lemes banget bikin pelanggan emosi. Ada yg kaya gini juga ga? https://t.co/QgJXiUYyVn,negatif
Fri Jan 20 10:12:18 +0000 2023,spartlaxzx,Kapan yaa @BNI @bankmandiri @Tanyajago @kontakBRI @HaloBCA @JeniusConnect @jeniushelp @CIMBNiaga @TanyaOCBCNISP @SeaBankID Support Google Pay yang bisa dipake buat belanja nirsentuh(Paywave)? https://t.co/AuXILcqWgl,netral
Wed Jan 18 17:18:35 +0000 2023,linarzkyana,@JeniusConnect @jeniushelp Min help me! gabisa login dari siang tadi. selalu auto log out. selalu session expired padahal ga ada 1 menit dan ga ada close window. udah uninstall dan restart hp jg. help! https://t.co/7hRLk5ScEb,netral
Sun Jan 08 08:58:06 +0000 2023,evoraii,@jeniushelp ini knp y di login selalu gini di app -_- https://t.co/ytxSd80TVu,netral
Sat Jan 21 10:41:57 +0000 2023,daniketepas,Ingfo min @jeniushelp cara mengembalikan Dana yang di Tahanke Saldo Aktif? https://t.co/nxEqCqJDYo,netral
Fri Jan 20 18:09:55 +0000 2023,aliffnurhanda,@jeniushelp min saya gabisa login gagal terus tiap masukin pin napa yak https://t.co/AoLnWGBUH3,netral
Thu Jan 12 02:53:23 +0000 2023,birokayumanis,Aduh tolonglah @jeniushelp ini proses unlink devicenya ribet sekali. Videocallnya ga tersambung2. Sy nelpon sampai 3x dan pulsa habis. Ada cara yang lebih ringkas ngga?,negatif
Mon Jan 09 15:21:05 +0000 2023,yangsukareceh,halo min @JeniusConnect @jeniushelp ini saya coba masuk akun saya kok gini terus kenapa yaa? (tulisan merah) mohon bantuannyaa soalnya butuh cepett. mkasii https://t.co/RG4WXR1iGU,netral
Sat Jan 21 10:27:31 +0000 2023,andianid_,@jeniushelp Min hari ini saya ganti no hp untuk device baru dan udh berhasil dirubah. Saya coba login sampai bikin dan konfirmasi pin utk device ini. Trus muncul sesi sudah berakhir dan telah logout secara otomatis. Itu gmn min? Udh 7x ga bisa login. https://t.co/7fNfeKyBK9,netral
Wed Jan 18 10:48:08 +0000 2023,AuliaAlmaUtami,@jeniushelp halo jenius kemarin saya melakukan transaksi Qris awalnya gagal trus berhasil dan uang udah terpotong https://t.co/9F38QyKZLw,netral
Sat Jan 14 10:09:54 +0000 2023,ming_kem_,@jeniushelp @JeniusConnect Udah bosen min @jeniushelp nanya-nanya terus toh responnya juga gitu-gitu aja. Kalau menghubungi cs juga pasti jawabannya sama aja yang ada buang-buang pulsa https://t.co/WD2uv41l7u,negatif
Mon Jan 16 09:15:31 +0000 2023,ilmanakbar,@jeniushelp halo Jenius saya mau login kok nggak bisa2 ya udah masukin kode OTP bacaannya gini terus. sudah clear data sudah uninstall-install lagi masih sama begini. https://t.co/CHgOddtWvq,netral
Sat Jan 14 09:23:48 +0000 2023,JeniusConnect,Customer Service resmi Jenius (24 jam): Call Center: 1500 365 E-mail: jenius-help@btpn.com Twitter: @.jeniushelp PT Bank BTPN Tbk berizin dan diawasi oleh Otoritas Jasa Keuangan (OJK) dan merupakan peserta penjaminan LPS.,netral
Sun Jan 08 11:57:53 +0000 2023,kangkaka01,@jeniushelp Hpnya udah kejual,netral
Thu Jan 12 03:23:27 +0000 2023,birokayumanis,@zenrs @jeniushelp Wuoh lupa wkwkwk,netral
Thu Jan 05 10:34:11 +0000 2023,ikhsanrifkyb,Ini email apaan ya @jeniushelp @JeniusConnect https://t.co/nQoyrtGJgp,netral
Sun Jan 22 23:32:01 +0000 2023,raraaansptr,@jeniushelp Itu cara liatnya gmn min?,netral
Thu Jan 12 03:00:11 +0000 2023,zenrs,@wildwestraven @jeniushelp Komplen/mention tapi akunmu digembok itu apa tidak sia-sia De?,netral
Fri Jan 06 12:42:26 +0000 2023,achrimidiasti,Ini maksudnya email apa ya? Saya emang pernah ikutan jenius tahun 2018 dan itupun cuma sekadar daftar akun terus dapet kartu ga pernah isi saldo sama sekali sampe hari ini Terus tiba2 dapet email ini maksudnya apa? Domisili juga bukan di Semarang @jeniushelp @JeniusConnect https://t.co/kvIC8Ii1zr,netral
Mon Jan 02 10:45:09 +0000 2023,fujan95,Min Saya sudah ajukan ganti kartu by aplikasi jenius Kira2 pengiriman kartu terbaru nya berapa lama ya? @JeniusConnect @jeniushelp,netral
Sun Jan 01 12:59:31 +0000 2023,abdulazizamar,Mau unlink perangkat di aplikasi @JeniusConnect tapi ga bisa. Ujung-ujungnya harus berhubungan lagi sama @jeniushelp. https://t.co/2EDe8gy2JA,netral
Mon Jan 02 01:25:29 +0000 2023,thebims,@jeniushelp @JeniusConnect Okee. Terima kasih,netral
Mon Jan 02 08:47:06 +0000 2023,tedybsa,@jeniushelp halo min apakan debit card jenius bisa digunakan dan support buat link ke akun paypal? Makasih min,netral
Mon Jan 02 01:18:31 +0000 2023,thebims,@jeniushelp @JeniusConnect Berarti kalau sudah ditukar SGD di aplikasi gak ada biaya tambahan lagi ya saat pembayaran MRT?,netral
Mon Jan 02 01:13:57 +0000 2023,thebims,@JeniusConnect @jeniushelp Halo untuk naik MRT Singapura pakai kartu Jenius tiap tap ada tambahan biaya atau sesuai tarif? Terus kalau x-Card bisakah digunakan di luar negeri sama seperti kartu utama?,netral
Mon Jan 02 05:26:42 +0000 2023,jeniushelp,@riorinaldi Hi untuk pengecekan lebih lanjut bisa menghubungi layanan Live Chat pada aplikasi Jenius atau layanan Jenius Help 1500365 ya. ^NVD,netral
Mon Jan 02 02:19:19 +0000 2023,jeniushelp,@AyamPiy1k Hi mohon maaf atas kendala yang kamu alami. Saat ini Jenius tidak ada kendala untuk login aplikasi. Mohon pastikan saat ini kamu sudah gunakan aplikasi Jenius versi terbaru dan jaringan yang digunakan stabil. Untuk pengecekan dapat dibantu melalui Jenius Help 1500365 ya. ^RAF,netral
Mon Jan 02 04:57:58 +0000 2023,jeniushelp,@pizzaperkasa Hi Gizza. Mohon maaf untuk unlink device tidak dapat dilakukan secara mandiri melalui aplikasi ya kamu dapat mengajukan unlink melalui layanan Jenius Help 1500365 Cabang BTPN/Service Point atau Email jenius-help@btpn.com.^SRH,netral
Sun Jan 01 07:34:27 +0000 2023,jeniushelp,@chococream_ Hi Caca untuk promo Jenius-XXI harga spesial Rp12.222 berlaku setiap hari untuk pembayaran satu kali transaksi (jika menggunakan kartu debit Jenius) dan 2 kali transaksi (jika menggunakan kartu kredit Jenius) selama periode program berlangsung. ^RAF,netral
Mon Jan 02 10:47:31 +0000 2023,jeniushelp,@fujan95 @JeniusConnect Hi Rina untuk estimasi pengiriman m-Card atau x-Card memiliki estimasi waktu 3 hari kerja untuk wilayah Jabodetabek dan 7 hari kerja untuk wilayah luar Jabodetabek.^ABM,netral
Sun Jan 01 07:26:14 +0000 2023,jeniushelp,@chococream_ @yrooniw Hi Promo XXI berlaku untuk 1 kali transaksi per kartu selama periode promo.^BTR,netral
Mon Jan 02 04:58:21 +0000 2023,Andanuis,@jeniushelp dear mimin cakep jika ada kendala di aplikasi dan kartu apakah bisa menghubungi bank BTPN terdekat?,netral
Mon Jan 02 01:26:56 +0000 2023,jeniushelp,@thebims @JeniusConnect Hi M. Bimo. Sama-sama dengan senang hati dapat membantu. Jangan ragu menghubungi Jenius Help jika ada pertanyaan terkait Jenius kamu ya.^SRH,netral
Mon Jan 02 01:24:05 +0000 2023,jeniushelp,@thebims @JeniusConnect Hi M. Bimo. Jika m-Card kamu sedang terhubung dengan mata uang negara tempat kamu berbelanja maka jumlah yang akan ditarik dari tabungan adalah sejumlah transaksi kamu.^SRH,netral
Mon Jan 02 01:16:24 +0000 2023,jeniushelp,@thebims @JeniusConnect Hi Bimo kamu bisa gunakan m-Card dan x-Card Jenius berlogo Visa untuk transaksi luar negeri termasuk untuk pembayaran MRT Singapura. Jika sumber dana merupakan akun tabungan IDR maka akan dikenakan biaya konversi 3% dari besar nominal transaksi kamu. ^RAF,netral
Mon Jan 02 06:40:52 +0000 2023,jeniushelp,@pizzaperkasa hi @Gizza untuk Service Point di bandung ada Paris Van Java trans studio mall bandung ya untuk jam operasional dari jam 10.00 sampai 22.00 ya ^ HPR.,netral
Mon Jan 02 08:38:10 +0000 2023,jeniushelp,@AryaSedana @JeniusConnect Hi Arya untuk e-statement silakan kamu cek di menu wealth pojok kanan atas ya dan untuk dikirim ke email mohon maaf saat ini belum bisa ya silakan kamu lakukan secara mandiri ya. ^ARW,netral
Mon Jan 02 12:00:11 +0000 2023,8UkXK3beBNDzo4v,@AryaSedana @JeniusConnect @jeniushelp gabisa mereka mas hana bank tuh bisa keren,negatif
Mon Jan 02 00:05:18 +0000 2023,did1k,@jeniushelp hari ini kok ngga bisa transfer ya?,netral
Thu Oct 20 05:12:19 +0000 2022,arachmanto,Hi @jeniushelp tanya dong CC Jenius yg baru launch itu annual fee nya berapa yah?. Lalu point dari CC Jenius bisa tukar ke air miles dari penerbangan asing kah?. Terima kasih. https://t.co/YRx65K647p,netral
Wed Oct 05 05:48:26 +0000 2022,heychez14,Hi @jeniushelp kurs USD ini dapat dari mana ya? Kok beda mayan jauh dari bank BTPN padahal bank sama dan waktu transaksinya juga nggak jauh jauh amat dari waktu refreshnya? Bedanya sekitar 400an rupiah loh. https://t.co/JiNXLsT06l,netral
Fri Oct 14 14:01:05 +0000 2022,lindri,@jeniushelp haloo saya mau registrasi jenius cocreation week tapi gagal ketika menekan tombol lanjut ke pembayaran selalu kembali lagi ke form awal. Mohon bantuannya ya makasih https://t.co/IyC9ZInWYx,netral
Mon Nov 07 07:22:11 +0000 2022,smnhvda,Saya kesulitan buat masuk ini kenapa ya? Apakah ada solusi? Sudah 2 minggu seperti ini setelah ganti device @JeniusConnect @jeniushelp https://t.co/EpmamQegB3,netral
Sat Nov 12 06:19:52 +0000 2022,inesaurus,Min. Ini mau log in ke perangkat baru kenapa kayak gini terus? @jeniushelp https://t.co/p9y9sGe4cB,netral
Fri Sep 30 09:48:01 +0000 2022,zZulfan,@jeniushelp @JeniusConnect ATM jenius tidak bisa tarik tunai di ATM BRI ya?? Sudah saya coba di berbagai ATM BRI pesannya FORMAT MESSAGE ERROR seperti di gambar. Saya menggunakan kartu yang warna orange. Thanks https://t.co/y97foOmDLo,netral
Mon Nov 07 07:39:20 +0000 2022,id3pp,@JeniusConnect @jeniushelp Yaaa Krn saya anak traveling banget jadinya pas bener dptnya.. Bole juga nihhh #MelangkahMudah https://t.co/Mko6EBTraE,netral
Tue Nov 01 02:11:22 +0000 2022,vairythv,@jeniushelp hello kak mau tanya setiap saya mau login kok selalu keluar sendiri dan ada tulisan seperti ini. Kenapa ya kak? https://t.co/YlBTmql1qB,netral
Wed Nov 02 15:01:35 +0000 2022,philipyoungg,@jeniushelp untuk 1 krisflyer miles butuh berapa yay points ya? Rencana saya mau buat kartu kredit jenius jika angkanya bagus.,netral
Mon Nov 07 04:31:28 +0000 2022,JeniusConnect,Customer Service resmi Jenius (24 jam): Call Center: 1500 365 E-mail: jenius-help@btpn.com Twitter: @jeniushelp PT Bank BTPN Tbk berizin dan diawasi oleh Otoritas Jasa Keuangan (OJK) dan merupakan peserta penjaminan LPS,netral
Fri Sep 30 19:12:28 +0000 2022,berrieyummy,Pagi @jeniushelp kok uang saya 4 5 juta tiba tiba ilang yah hahaha beneran ini habis mindahin ke jenius 6 juta sisa satu 1.5 doang,negatif
Thu Nov 10 07:46:12 +0000 2022,Adtykrnwn,@jeniushelp saya mau login akun jenius di device baru tapi selalu session expired dan ke logout lagi otomatis. Kira2 bisa kaih solusi?,netral
Sun Nov 13 14:20:02 +0000 2022,billyptrs,@jeniushelp @JeniusConnect @jeniushelp kartu fisiknya kapan dikirimnya?,netral
Tue Oct 18 01:29:43 +0000 2022,irvanrrrr,@jeniushelp halo saya tidak bisa log in ke akun jenius saya. Sudah lama tidak digunakan tapi tetap saja terkena biaya feesible sebelumnya sudah request tutup akun ternyata masih kena tagihan. Mohon bantuannya,netral
Thu Oct 20 06:17:07 +0000 2022,irvanrrrr,@michinyeojaaah @jeniushelp Sebelumnya saya lewat telpon tapi penutupan akun gagal dan masih ditagihkan biaya feesible tapi saat mau buka akun di aplikasi selalu gagal,netral
Thu Oct 20 06:23:27 +0000 2022,irvanrrrr,@jeniushelp @michinyeojaaah Iya min memang tidak dikenakan namun karena penutupan gagal jadi masih ada biaya feesible yg masuk padahal sudah tidak digunakan. Bisa langsung datang ke bank saja sekaligus penutupan akun?,netral
Sat Nov 05 12:47:47 +0000 2022,hotspothotdeal,Halo @jeniushelp kenapa kartu jenius saya saat di pakai di. Mesin visa tap masih mengharuskan untuk input PIN????,netral
Mon Nov 14 14:54:19 +0000 2022,aldoferly,@jeniushelp Iya saya sudah ganti device.. Gmn cara nonaktifkan device lama nya,netral
Thu Oct 13 08:02:02 +0000 2022,berhalawaktu,@jeniushelp ganti perangkat Min. Da yang sebelumnya install ulang aplikasi,netral
Wed Oct 26 06:05:55 +0000 2022,drosanda,Kenapa @jeniushelp sekarang ga bisa tarik saldo dari paypal?,netral
Fri Sep 09 12:12:44 +0000 2022,tatakhoiriyah,Buruknya layanan komplain @jeniushelp. Muter aja isunya gagal transaksi. Chat di aplikasi g ada penyelesaian. Di twitter mentok. https://t.co/4GPmwJmd9X,negatif
Mon Sep 12 12:52:22 +0000 2022,mkljnjm,Selamat Malam saya mau konfirmasi ini kalo saya sudah tidak bisa masuk ke aplikasi jenius apa artinya rekening saya sudah di tutup? @jeniushelp https://t.co/i4j681v1x9,netral
Sun Sep 11 13:57:00 +0000 2022,_eccedentes,@jeniushelp @tokopedia @jenis Jelas jelas ada ya tolong mimin pake jeniuspay https://t.co/hHQlBRpQHq,netral
Fri Sep 09 10:19:35 +0000 2022,tatakhoiriyah,@jeniushelp Sudah chat begini doang tanggapannya. https://t.co/qCcj1YwUGi,netral
Sun Sep 04 01:18:50 +0000 2022,tjhoea315,@bankmandiri Halo @jeniushelp dari link di atas jenius belum jadi peserta BI fast. Padahal kemaren email blast yang saya dapat jenius sudah jadi peserta BI fast. Yang benar yg mana https://t.co/ueYelb1Oqk,netral
Fri Sep 09 10:20:51 +0000 2022,tatakhoiriyah,@jeniushelp Ini historynya selisih 1 detik. Logikanya mana bisa saya buat transaksi baru dalam 1 detik? https://t.co/yJsLf8S4Tz,negatif
Wed Aug 17 03:42:41 +0000 2022,dexglenniza,Halo @jeniushelp. Gak bisa-bisa link m-Card ke rupiah nih. Kapan bisanya? Mau transaksi. Tadinya pakai SGD tapi SGD sudah habis dan gak bisa beli lagi (karena lagi tanggal merah di Indonesia). https://t.co/qiHcT7byI2,negatif
Tue Sep 27 02:17:31 +0000 2022,Fajarlhakim01,@jeniushelp Halo admin cek dm,netral
Sun Sep 18 00:51:19 +0000 2022,annisabayyina_,Hallo @jeniushelp kenapa akun adik saya gabisa masuk ya? Selalu ke tendang sesi nya?????,netral
Sat Aug 27 12:21:36 +0000 2022,RifkiAljabar,Halo @JeniusConnect @jeniushelp ini saya mau login kok gini terus ya?? https://t.co/qighJv6Yt5,netral
Fri Sep 23 23:50:38 +0000 2022,AryaDwipangga03,Hi @jeniushelp ini akses web jenius kapan mau dipulihkan lagi? Bukannya fokus upgrade security abis narikin admin bulanan eh malah bikin kartu kredit segala hadeeehhh.......,negatif
Thu Sep 29 16:12:32 +0000 2022,maitrinaa,Huaa tolong @jeniushelp abis transfer ke bank BNI dari Jenius kok dana nya belum masuk juga ya ke rekening penerima? Padahal status transaksinya berhasil https://t.co/H3n1vBjTR5,netral
Sun Sep 11 13:29:05 +0000 2022,_eccedentes,Gils napa biaya transaksi pembayaran via jeniuspay di @tokopedia jadi naik gini sih.@jeniushelp @jenis,negatif
Mon Aug 08 06:08:59 +0000 2022,zutaralover,Hallo @jeniushelp @JeniusConnect bagaimana ya? Karna juga sepertinya bukan cuman sekali dua kali,netral
Sun Sep 11 13:36:06 +0000 2022,_eccedentes,@jeniushelp @tokopedia @jenis Biaya admib,netral
Sat Aug 20 07:15:35 +0000 2022,ristanofia,Pembayaran dengan @jeniushelp bisakah di @sahabatalfamart?,netral
Fri Aug 19 23:39:23 +0000 2022,rpynandha,hallo min @jeniushelp @lifeatbtpn ini aplikasi Jenius force close terus ni pas mau di pake transfer,netral
Sun Sep 11 18:09:46 +0000 2022,maxblackcupcake,@jeniushelp min cek dm ya,netral
Sat Sep 17 06:40:51 +0000 2022,Rizkihadi,@mrtjakarta @jeniushelp Baik makasih ya infonya. ,netral
Wed Sep 07 09:20:44 +0000 2022,tietieutie,@jeniushelp sy request kartu baru sudah terpotong saldo 50rb tp kartu gagal dikirim. Apakah bisa minta kartu baru di konter2 Jenius di mall?,netral
Mon Jul 11 01:08:50 +0000 2022,nanaironodaisy,Ini kenapa ya? @jeniushelp Baru re-install ulang appnya setelah hampir setahun nggak bisa-bisa login selalu gagal di bagian pembuatan pin https://t.co/k11P1qQakx,netral
Fri Jul 08 16:03:09 +0000 2022,nursaidr_,Halo @jeniushelp kenapa ini tabungan dream savernya gak bisa dibalikin ke saldo utama? https://t.co/gLXSIzeESB,netral
Fri Jul 01 02:40:54 +0000 2022,dtsinaga,Tolong lah @jeniushelp @JeniusConnect aplikasinya dibenerin dikit. Kmren malam login ga bisa sekarang udah bisa login eh malah muter2 ga bisa diapa2in. Yg apanya kerja QA klen? https://t.co/hMFrbpvSZu,netral
Thu Jul 21 20:36:16 +0000 2022,IbethOctav,Halo @jeniushelp saya sudah 2x coba aktivasi dengan video call tapi kenapa sampai sekarang akun saya belum aktif ya?! CS kalian sudah minta foto ktp nama ibu kandung selfie dengan ktp. Semua sudah saya lakukan tapi sampe sekarang hasilnya nihil! Gimana ya ini? https://t.co/5qPKub5F6i,netral
Fri Jun 10 17:51:23 +0000 2022,rezafvl,@jeniushelp cek dm min,netral
Fri Jul 15 07:12:43 +0000 2022,vernonkemang,a bit of sharing: i will never ever recommend @jeniushelp as your go-to traveling companion hilang sejuta karena gesek kartu di sephora sg dan DECLINED tapi status di kartu outgoing . bikin pelaporan dan krn sudah &gt;7 hari dari transaksi uang ku melayang https://t.co/iPU5q8CJLB,negatif
Thu Jul 14 06:42:11 +0000 2022,lonolm_,@username217_ @JeniusConnect @jeniushelp gapake lama langsung bikin. mau bayar pake paypal tapi gapunya kartu credit? pake jenius aja! jenius yes! narkoba no! https://t.co/e6GxeKnnoi,positif
Fri Aug 05 03:27:00 +0000 2022,Jahenanas,@JeniusConnect @jeniushelp Udah dua kali dua device masih suka begini. Lama-lama tarik tabungan juga nih pindah ke yang lain. https://t.co/BnCCktfJYT,negatif
Sun Jun 26 11:35:26 +0000 2022,kahaive,laporan onlen uang ketelen di mesin atm bisa ga min @jeniushelp,netral
Sat Jul 09 10:45:31 +0000 2022,AryaDwipangga03,Hei @jeniushelp @jeniusconnect akses web nya jenius kapan sih mo dibuka lagi?,netral
Thu Jul 14 18:02:04 +0000 2022,Elfrida_MeiYant,Hai min aku ada kirim dm tolong di cek dan dan dibantu ya @jeniushelp,netral
Tue Jul 12 04:33:28 +0000 2022,tisaramadhanty,Ka ini udah 1x24jam tetep gini gimana yah? @jeniushelp https://t.co/auJFaap3Mm,netral
Tue Aug 02 12:44:35 +0000 2022,ssc1enty_xx,Jenius parah banget dari tanggal 28 Juli gak bisa transaksi sama sekali chat diaplikasi juga gak membantu banget. @jeniushelp min bantu dong ini gua bener bener gak bisa ngapa ngapain seengaknya kasih solusi harus ngapain kek bukan cuman nunggu nunggu doang.,negatif
Mon Aug 01 05:06:57 +0000 2022,shunsukemicchi,hai kak cek dm pleaseee @jeniushelp,netral
Mon Jul 25 03:28:45 +0000 2022,dons_fut,Hallo @jeniushelp cara unlink device dari HP lama bgmana ya?,netral
Sun Jul 24 13:49:52 +0000 2022,ifasama,@jeniushelp kapan akses web dibuka kembali? atau apa ada alternatif pengiriman otp selain lewat SMS? Misalnya lewat WA/email? Nomor hp saya yg terdaftar di jenius ga aktif lg hanya ada WA. Saya blm bs ganti no hp krn tdk di Indo. Skrg gabisa buka app habis reinstall. Trims,netral
Sat Aug 06 11:12:30 +0000 2022,grizealynn,halo @jeniushelp min mau cetak bukti transfer ngga bisa. ini gimana ya?,netral
Thu Jun 23 13:15:17 +0000 2022,indraLPU,Halo @jeniushelp saya mau tutup rekening,netral
Sun Jul 17 02:21:46 +0000 2022,galuhr30,Owalah pantesan ga bisa login terus. Ini jadi gagal wae dapet deal diamond murah di game karena ga bisa cek saldo Jeniusnya â€ï¸,netral
Fri Jul 22 08:58:39 +0000 2022,IbethOctav,@jeniushelp Posisi saya di luar negeri gabisa telpon 1500365,netral
Tue May 31 04:17:52 +0000 2022,novlihalsi,@jeniushelp kenapa saya gak bisa login ya min? https://t.co/tJyBcmUJLh,netral
Mon Jun 06 05:21:00 +0000 2022,sweetbubblybbyj,@jeniushelp halo mau tanya saya mau video call kenapa gagal terus ya? Sudah coba di laptop juga selalu seperti ini baik di chrome ataupun safari. Akses kameranya tidak ada masalah saya coba untuk website lain bisa. tp kenapa untuk jenius selalu tidak bisa? https://t.co/B56nLU0BZ0,netral
Tue May 31 06:03:35 +0000 2022,funnyleech,@testnameonly @nofiekurniawan @xxxcornering @javaneseinfidel @takerytaker @jeniushelp dah ganti jago ajaaa real time nih di atas ada notif dana lgsg masuk https://t.co/HP0ISy0JcU,netral
Mon May 30 09:11:06 +0000 2022,bluechestnut_,@jeniushelp saya ga bisa login daritadi kaya gini terus harus gmn min. Sudah update dan koneksi ok. https://t.co/2XbX3VFyEi,negatif
Sat Jun 04 02:18:50 +0000 2022,howtodresvvell,pantes kaga bisa login gw. ganti nama brand aja min jadi tolol,negatif
Fri May 06 05:43:54 +0000 2022,aghea_,@jeniushelp @JeniusConnect Gadibales2 malah disuruh leave krn no respon. Gjls bener https://t.co/CVvDHxIBmI,negatif
Wed Jun 08 14:10:46 +0000 2022,luakena,@jeniushelp kok aplikasinya crash mulu sih?,negatif
Thu Jun 09 09:52:32 +0000 2022,sibillyyy,Hii @jeniushelp kalau. Mau cetak kartu ulang karena hilang gimana ya? Saya sudah ke offline fan infonya harus online karena pada saat daftar buatnya online.,netral
Wed Jun 08 08:55:37 +0000 2022,vnfzn,Hi @jeniushelp apakah bisa menggunakan kartu debit visa paywave buat membayar bus dan mrt di Singapura?,netral
Thu Jun 09 00:03:09 +0000 2022,Oraririkho,@jeniushelp Oke Min. Terima kasih banyak.,netral
Tue May 31 04:09:55 +0000 2022,haimemine,Kecewa banget nih sama jenius @jeniushelp @JeniusConnect pindah bank ajalah dari pada ribet,negatif
Thu May 26 09:45:45 +0000 2022,JohanRio,@jeniushelp Oh gak bisa 2 device ya kak? Iya saya mau pakai di device baru yang iphone sebelumnya android,netral
Mon May 30 01:52:00 +0000 2022,randyvrnd,@mayaretha @jeniushelp Jago ada fitur pocket pocketnya jd kita bisa alokasi dana di masing masing pocket gratis transfer antar bank 25x tarik tunai 5x di atm mana aja perbulan bisa connect ke gopay bibit,netral
Wed Jun 08 23:58:18 +0000 2022,Oraririkho,@jeniushelp Bisa dibantu Min cabanh BTPN atau Service Point terdekat dari daerah Senayan? Terima kasih.,netral
Thu May 26 09:39:47 +0000 2022,JohanRio,@jeniushelp Halo saya coba masuk ke aplikasi tetapi selalu terlogout selalu dibilang sesi sudah berakhir bagaimana ini?,netral
Wed Jun 08 23:56:08 +0000 2022,Oraririkho,@jeniushelp halo Min saya ingin menutup rekening apa yg harus saya lakukan dan apa saja yg harus saya persiapkan? Terima kasih.,netral
Tue May 31 04:31:45 +0000 2022,novlihalsi,@jeniushelp iya bener min,netral
Tue May 31 04:28:28 +0000 2022,haimemine,@jeniushelp @JeniusConnect Kesel ganti bank ajalah,negatif
Tue May 31 04:21:54 +0000 2022,haimemine,@jeniushelp @JeniusConnect Liat min saya ngomong apa knp template lah blsnya kesel,negatif
Mon Jun 06 05:26:53 +0000 2022,sweetbubblybbyj,@jeniushelp Apakah ada cara lain untuk unlink device selain video call?,netral
Tue Mar 29 14:26:42 +0000 2022,4rdn4n,Baiklah mari kita pindah dari @JeniusConnect @jeniushelp ke bank yg menguntungkan https://t.co/EfMxIp9in3,negatif
Sat Mar 19 12:40:08 +0000 2022,wa2nlinux,Dari tadi gini terus @jeniushelp https://t.co/wm4gMfMV72,netral
Mon Apr 04 02:41:50 +0000 2022,iratheresia_,@jeniushelp minmau payment spotify dr kmrn saldo ke refund trs knp yaa udh coba pake 2 card ttp gbs. thank u https://t.co/uQw3g9Y6oV,netral
Sat Apr 02 14:16:09 +0000 2022,Sungienaya,Halooo ini kenapa gk bisa login ya?@jeniushelp https://t.co/kD8wFbOd7E,netral
Mon Apr 04 04:56:23 +0000 2022,sarahsitii,Halo @jeniushelp ini kenapa ya? Transaksinya sedang diproses terus https://t.co/sQSv0ntT0W,netral
Wed Mar 23 04:32:58 +0000 2022,hilalabud,@JeniusConnect @jeniushelp Halo Jenius voucher gopay saya kapan dikirim yakkk? baru masuk yang 200 ribu nih tempo hari https://t.co/nw6h4s6QT1,netral
Mon Apr 04 03:11:43 +0000 2022,_____siskaaa,@jeniushelp halo bisa dibantu min ko aku gabisa log in ya? Aku udah coba beberapa kali log in tapi tetep gabisa https://t.co/xc0lRV0OO8,netral
Mon Apr 04 04:48:46 +0000 2022,ayuwu26,Hallo @jeniushelp kenapa transaksi gagal terus ya? Apa lagi ada gangguan? https://t.co/waQZL49Kkx,netral
Sat Apr 02 12:18:32 +0000 2022,kangkaka01,@JeniusConnect @jeniushelp met mlm saya melakukan subscription ini d Google Play saldo udah ketarik tapi aplikasi belom berubah Pro. Malah disuruh ulang teansaksinya. https://t.co/LZSVWMsMC4,netral
Sun Apr 03 07:25:25 +0000 2022,FabCherrry,@jeniushelp mau login ke bisniskit tapi gini mulu dri tadi. Pls help Jenius. https://t.co/JOvLDFwNSK,netral
Mon Mar 28 02:46:06 +0000 2022,gglteros,@jeniushelp baru ganti hp tiap mau login selalu gini... Why min? https://t.co/Yv6I4RLpiY,netral
Mon Apr 04 04:47:29 +0000 2022,AlpineIjo,Mau bayar tagihan cc kok ke refund trus? Trus udah coba ulang ke tahan di tahap proses @jeniushelp Udah gtu live chat di apps juga no response https://t.co/IHQosDskgB,netral
Sun Feb 27 08:56:56 +0000 2022,kelernastar,Pake @JeniusConnect @jeniushelp mau pindah hp susah banget. Gila. Berenti gw pake Jenius kalo gini caranya. https://t.co/DmWPPZjCnJ,negatif
Wed Mar 16 01:27:35 +0000 2022,irfanhrdian,@jeniushelp @JeniusConnect ini kenapa gak bisa login terus ya min? https://t.co/WJeTDLuumT,netral
Mon Apr 04 05:56:40 +0000 2022,tapeuyaki,mau sampi kapn gangguan siang2??? @jeniushelp saya mau transfer bookingan ga bisa ini -_- buat apa feesible mahal tp gangguan mulu https://t.co/Z3f90fVl8S,negatif
Sat Apr 02 17:39:06 +0000 2022,febisucilahajji,Ada gak sih yg pernah narik d atm. Saldo kepotong tapi gak ada uang keluar. 2x berurutan @jeniushelp @JeniusConnect JENIUS LAGI GANGGUAN IHHH https://t.co/zToBbYjReY,netral
Mon Mar 28 07:12:51 +0000 2022,annisabayyina_,Nungguin uang transaksi dari bulan lalu cair dari @jeniushelp menurut info terakhir paling lambat cair 28 Maret 2022 sekarang tgl 28 kemudian ada info lagi masuk via sms di perpanjang 20 hari sejak 2 Maret 2022. Jadi kapan cair uang gue?,netral
Mon Apr 04 05:27:28 +0000 2022,_____siskaaa,@jeniushelp Oke ka untuk unlink devicenya udah selesai. Aku mau tnya lagi kalo akun jenius aku gabisa di link ke akun paypal knp ya min? Notifnya di tolak oleh bank penerbit,netral
Wed Mar 30 05:31:38 +0000 2022,rozelinne,@jeniushelp Baik terima kasih ya,netral
Tue Mar 29 13:31:53 +0000 2022,esseberryoppa,tolong ganti aja nama akun nya @jeniushelp tidak membantu sama sekali. jauh ketinggalan dari apk lain,negatif
Fri Feb 18 10:50:17 +0000 2022,Ghivarra,Halo @jeniushelp ini lagi ada gangguan ya? Saya gak bisa ubah limit kartu debit tampilannya muter2 mulu dari td https://t.co/UXIrW4Mq6c,netral
Sat Feb 19 17:20:48 +0000 2022,Ghivarra,@jeniushelp Halo @jeniushelp kok gak dibales? Tolong dong ini penting bgt udah berhari-hari masih gak bisa rubah limit debit card https://t.co/vNMSeAgFzQ,netral
Thu Feb 10 13:51:07 +0000 2022,Stakof,Tadi malam saya menerima x-card @jeniushelp. Kurirnya Ninja Xpress. Saya buka x-card itu trus ada telfon ngakunya dari kurir Ninja Xpress: Kantor kami meminta foto KTP untuk bukti pengiriman Pak. Kemudian di-WA seperti ini dan ngasih contoh. Gila apa minta foto KTP~ https://t.co/6FkTZgX8UC,negatif
Sat Feb 05 16:50:43 +0000 2022,amaliapus,@jeniushelp @JeniusConnect hai saya dari tadi ga bisa buka card center ini. Udah dicoba berkali-kali tetap ga bisa. Kenapa ya? https://t.co/Bnd70ck8mW,netral
Wed Feb 02 04:57:16 +0000 2022,fadlilarohim,dih gagal yaudah pake bibit @jeniushelp https://t.co/3TLpT6BTPl,negatif
Sun Feb 20 08:01:46 +0000 2022,FebriTriHarmoko,Halo kak @jeniushelp bisa bantu saya login ke akun saya? Saya lupa unlink sebelum reset HP dan sekarang jadi gak bisa masuk nih https://t.co/YPXddPAIhF,netral
Tue Feb 08 04:54:10 +0000 2022,moncyl,nelfon call center jenius udah 10 menit tapi 7 menitnya suruh nunggu dengerin lagu. ya otomatis pulsa gue abis... chat dari aplikasi gak di bales bales. aingkudu naonâ€ @JeniusConnect @jeniushelp https://t.co/lqwJd0JPFX,negatif
Thu Feb 10 03:26:50 +0000 2022,qamadhieta,@jeniushelp Halo mau tanya soal Flexi Cash di sini dibilang untuk pencairan kan minimal tenor 12 bulan. Saya mau cairkan 5 jt tapi tenor pilihannya cuma 3 bulan. Jadi gimana caranya untuk tenor 12 bulan? https://t.co/wCDHDUAYAx,netral
Wed Feb 02 15:05:46 +0000 2022,dalkyuma,GABISA LOGIN JENIUS help:' https://t.co/0fz8Bp2vfK,negatif
Fri Feb 25 13:39:29 +0000 2022,MidnightShoWWW,Cek dm min @jeniushelp @JeniusConnect,netral
Thu Feb 10 03:08:05 +0000 2022,AndiMattuju,@jeniushelp Sampai kapan dicoba Min? https://t.co/1JckQKFn9q,netral
Thu Feb 03 01:46:44 +0000 2022,OniDewono,@jeniushelp Selamat pagi saya memcoba untuk login ke akun saya melalui HP saya pagi ini selalu gagal dengan pesan error seperti ini. Bisa dibantu? https://t.co/zwBzqVk9WW,netral
Sun Jan 30 11:05:18 +0000 2022,raraaansptr,@jeniushelp min kok saya gabisa ambil tunai di atm min?,netral
Sun Jan 30 11:11:49 +0000 2022,raraaansptr,@jeniushelp Udh 3 mesin atm nolak min keterangannya penarikan tidak dapat diproses silahkan hubungi bank bersangkutan,netral
Mon Feb 21 17:19:27 +0000 2022,haloOCTA,@jeniushelp min cek dm,netral
Tue Feb 15 04:43:26 +0000 2022,iqbalbasagili,@jeniushelp min swift code yg resmi dr jenius brp ya ?,netral
Thu Feb 17 05:20:13 +0000 2022,cobaatebaksiapa,Min untuk tabungan dream server tanggal penarikan otomatisnya gk bisa diatur ya? @jeniushelp,netral
Fri Feb 11 12:48:01 +0000 2022,saxenengmu,@JeniusConnect @jeniushelp mau loggin kok gini terus yaah https://t.co/ikHJhgOJru,netral
Tue Feb 15 01:54:43 +0000 2022,luthfiyu,@jeniushelp harus lewat telepon?,netral
Mon Feb 14 04:09:00 +0000 2022,budiwijaya,@jeniushelp Halo akun saya udah hampir 2 tahun tidak dipake gmn cara nutupnya ya?,netral
Mon Jan 17 02:49:43 +0000 2022,tantrikarina,cashless is fun until pembayaran lu kepotong 2 kali dan sellernya bilang yg masuk ke dia cuma satu : ( @jeniushelp https://t.co/pqGph6ul3g,negatif
Sat Jan 29 13:28:19 +0000 2022,chivttaphon,Ada yang bisa bantu jawab ga kokotuals yang jenius jenius help me. https://t.co/8BMRNH0tKF,netral
Thu Jan 20 09:53:31 +0000 2022,nayanaynay_,Jenius lo knp dr siang ngk bsa loggiin @JeniusConnect @jeniushelp https://t.co/M6ADa19Kxz,negatif
Fri Jan 21 10:58:15 +0000 2022,dionduren,@jeniushelp saya ga suka ya kalo kesalahan ada di sistem bukan di user tetep kena denda begini. Saya cuma transaksi 1x kena tagih 3x itupun transaksi yang tertagih ternyata ga masuk ke sistemnya. Gimana nih Jenius? Lama2 saya pindahin aja duit saya https://t.co/hTRFAlUW8f,negatif
Fri Jan 21 11:03:58 +0000 2022,dionduren,@jeniushelp Tapi itu di foto ada bukti bahwa transaksi sudah dilakukan dan kesalahan ada pada sistem. Ini bukti lainnya waktu transaksi padahal berdekatan. Kenapa tetap ditagih? Kan bukan salah saya. Enak banget sistem kalian ngambil duit saya begitu aja https://t.co/6dmmBOYT1t,negatif
Thu Jan 27 05:33:13 +0000 2022,fadlilarohim,kok gaada min @jeniushelp https://t.co/28ygMUWOfV,netral
Thu Jan 27 05:37:44 +0000 2022,fadlilarohim,@jeniushelp wkwkwk malah reply penipu https://t.co/eBZdxl8Y0X,netral
Tue Jan 25 05:48:30 +0000 2022,iam_chive,Kea gimanasih ngebasmin akun bodong yg sok ngaku jd akun ofc gini?! Untung aja ga lengah gueee @JeniusConnect @jeniushelp https://t.co/jv2Jfcgt9N,negatif
Thu Jan 20 00:20:11 +0000 2022,eskrimtemboks,tolong dong @jeniushelp ini kenapa begini terus ya? ada solusi? https://t.co/wn6GdkuyuJ,netral
Sat Jan 29 09:14:13 +0000 2022,SamaLilia,@jeniushelp Sudah &gt;:( msh gabisa gmn si? https://t.co/ABHHStT5XI,netral
Sat Jan 29 09:10:41 +0000 2022,SamaLilia,@jeniushelp Ngga pernah stuck disini drtd https://t.co/plXe89ZLA5,netral
Fri Jan 14 17:54:28 +0000 2022,Berisikamat,@jeniushelp Itu min https://t.co/9cA4nbjR9s,netral
Fri Jan 07 02:59:22 +0000 2022,candyyypup,@JeniusConnect @jeniushelp halo kak saya ingin menghubungkan akun jenius saya ke paypal. Tapi di tolak. Bisa bantu cek kah? Thx. https://t.co/HIsRDLj0Bp,netral
Tue Jan 11 06:12:25 +0000 2022,candyyypup,@jeniushelp Halo min sudah saya coba lagi tapi tetap tdk bisa sudah aktif lebih dr 2 hari. Mohon di bantu @JeniusConnect @jeniushelp https://t.co/DyFtY0ceTJ,netral
Fri Jan 28 02:24:01 +0000 2022,bubbleguahsgwh,Min cek dm @jeniushelp,netral
Thu Jan 13 08:31:50 +0000 2022,itsrandick,@jeniushelp dari app emang gabisa? aku udh gapake apple id lama. ga bs dissconnect payment nya lg,netral
Fri Jan 28 13:13:08 +0000 2022,bayu_hsaputro,@jeniushelp apakah aplikasi jenius sedang down? Karena saya coba login dg masukan pin selalu gagal koneksi sempat terputus silahkan login lagi . Padahal jaringan internet saya aman2 saja.,netral
Tue Jan 25 03:21:54 +0000 2022,mhrkev,@jeniushelp Mahal banget itu min apalagi bank digital.,negatif
Thu Jan 27 16:08:51 +0000 2022,AryaHye,Terima kasih jenius promo nonton 5000 nya. Sering seringin lagi ya @jeniushelp,positif
Tue Jan 25 03:11:44 +0000 2022,mhrkev,@jeniushelp Dengan bayar Rp 10.000 itu nggak gratis buat Transfer antar bank dan tarik tunai di ATM bersama ?,netral
Wed Jan 05 11:08:34 +0000 2022,Jonochun,@JeniusConnect @jeniushelp pas abis masukin pin kok keluar error yah?? https://t.co/P860WTy2SS,netral
Sun Jan 02 04:06:11 +0000 2022,urbbykhlss,Ini mulu jawabannya. Padahal udah dibilang nomor teleponnya pas saya telpon DI REJECT. masiiiihh jg ngotot. Apa perlu di ss panggilan saya udah berapa kali ke mereka??? @jeniushelp @JeniusConnect jenius help cs nya ga ngebantu sama sekali. Thanks. https://t.co/KgsuUfkteT,negatif
Thu Jan 06 11:19:13 +0000 2022,aby_surmadi,Pantauan minggu terakhir promo JENIUS @JeniusConnect @jeniushelp @txtanakbioskop @bicaraboxoffice @cinema21 ayoooo ayoooo manfaatkan sebaik- baiknya... https://t.co/YWfLGZ051d,positif
Mon Jan 03 09:49:05 +0000 2022,Junidaputra,@jeniushelp Masalahnya kemudian di aplikasipun diminta gini min...kan bingung saya pas g apal nomer2 yg ada di kartu.. https://t.co/A3EB0vHVvh,netral
Thu Jan 06 06:00:07 +0000 2022,yuriramadhan,@jeniushelp siang min. Maaf mau tanya jenius saya kenapa gabisa ditransfer ya? Padahal di aplikasi gaada notif apa apa. Cuman pas mau transfer dr bank lain tulisannya rekening tidak terdaftar. https://t.co/Onb4EvYFPX,netral
Thu Jan 06 00:31:33 +0000 2022,iffatf,@jeniushelp Halo min boleh di info booth Jenius di Bogor dmn ya?,netral
Wed Jan 05 11:18:34 +0000 2022,Jonochun,@jeniushelp jadi harus ke kantor cabang bank btpn buat Unlink device yah???,netral
Wed Jan 05 11:12:29 +0000 2022,Jonochun,@jeniushelp iya min sebelom y uninstall aplikasi y karena dulu gagal pas mw masuk ini mw coba lg tetep sama error seperti itu,netral
Thu Jan 06 06:03:04 +0000 2022,SultonAhmadL,Transfer uang menggunakan Jenius saldo sudah terdebit tp tak kunjung sampai ke rekening tujuan. Transfer tgl 5 Jan 2022 pukul 08:21 WIB. Setelah melapor diminta tunggu 24 jam. Berlalu 24 jam diminta tunggu 24jam lg. @JeniusConnect @jeniushelp @ojkindonesia https://t.co/DqhYNn8LUo,negatif
Tue Jan 04 06:29:42 +0000 2022,whybdn,Ngehubungi CS @jeniushelp lewat in app chat is a pain in the butt. Mbalesnya lama ditinggal bentar langsung DC ,negatif
Wed Jan 05 02:54:35 +0000 2022,GungdeSadhaka,@jeniushelp min kuota promo XXI deluxe 5k masih ada gak ya? Mau nonton nih,netral
Thu Jan 06 13:18:13 +0000 2022,grizealynn,Malam @jeniushelp Min promo everyey januari sudah update belum ya?,netral
Wed Jan 05 02:55:20 +0000 2022,GungdeSadhaka,@JENIUSCS02 @jeniushelp Maaf ferguso saya tidak akan tertipu,netral
Sun Jan 02 04:02:14 +0000 2022,mhrkev,@jeniushelp Untuk di Jember nggak ada ?,netral
Mon Jan 03 15:20:34 +0000 2022,fxckinglanaa,@jeniushelp kalo begitu service point di surabaya ada dmn ya,netral
Sun Jan 02 02:57:59 +0000 2022,mhrkev,@jeniushelp Reset pin di aplikasi jenius,netral
Wed Jan 05 04:48:55 +0000 2022,GlobalRebahan,@efsyGO2Aj5iTVQR @vontGiv @Stakof @SoundOfYogi @kisbet_ @BankBCA @HaloBCA @mandiricare @jeniushelp 1 keluar,netral
Sun Jan 02 03:19:29 +0000 2022,mhrkev,@jeniushelp Nggak bisa di kantor cabang bank PTPN ?,netral
Mon Jan 03 15:24:04 +0000 2022,fxckinglanaa,@jeniushelp okay kalo ngurus mbanking disana bisa ya? gada biaya kan?,netral
Sat Jan 01 12:43:52 +0000 2022,alyaxabila,@jeniushelp Iyaa habis ganti perangkat..,netral
